流水号,单据号,付款日期,付款金额,摘要
PAY2026-0001,BX2026-0001,2026-09-04,1850.54,报销付款-王强
PAY2026-0002,BX2026-0002,2026-09-05,1665.18,报销付款-刘洋
PAY2026-0003,BX2026-0003,2026-09-03,313.78,报销付款-刘洋
PAY2026-0004,BX2026-0004,2026-09-05,1578.85,报销付款-张伟
PAY2026-0005,BX2026-0005,2026-09-05,1895.3,报销付款-刘洋
PAY2026-0006,BX2026-0006,2026-09-03,1158.97,报销付款-张伟
PAY2026-0007,BX2026-0007,2026-09-02,867.74,报销付款-张伟
PAY2026-0008,BX2026-0008,2026-09-05,919.07,报销付款-刘洋
PAY2026-0009,BX2026-0009,2026-09-05,1633.68,报销付款-李娜
PAY2026-0010,BX2026-0010,2026-09-01,2016.94,报销付款-王强
PAY2026-0011,BX2026-0011,2026-09-04,1430.25,报销付款-张伟
PAY2026-0012,BX2026-0012,2026-09-05,1505.46,报销付款-赵敏
PAY2026-0013,BX2026-0013,2026-09-04,2240.71,报销付款-王强
PAY2026-0014,BX2026-0014,2026-09-04,896.68,报销付款-李娜
PAY2026-0015,BX2026-0015,2026-09-04,1736.37,报销付款-王强
PAY2026-0016,BX2026-0016,2026-09-04,528.7,报销付款-张伟
PAY2026-0017,BX2026-0017,2026-09-01,186.64,报销付款-李娜
PAY2026-0018,BX2026-0018,2026-09-04,2226.34,报销付款-张伟
PAY2026-0019,BX2026-0019,2026-09-04,1696.69,报销付款-王强
PAY2026-0020,BX2026-0020,2026-09-01,2649.53,报销付款-赵敏
PAY2026-0021,BX2026-9999,2026-09-02,1840.19,报销付款-张伟
PAY2026-0022,BX2026-0022,2026-09-01,2492.75,报销付款-赵敏
PAY2026-0023,BX2026-0023,2026-09-02,537.09,报销付款-张伟
PAY2026-0024,BX2026-0024,2026-09-04,2169.59,报销付款-赵敏
PAY2026-0025,BX2026-0025,2026-09-02,2573.74,报销付款-李娜
PAY2026-0026,BX2026-0030,2026-09-05,666.66,报销付款-王强
PAY2026-0008,BX2026-0008,2026-09-05,919.07,报销付款-刘洋
