单据号,员工,费用类型,应付金额,状态
BX2026-0001,王强,差旅-交通,1850.54,待付款
BX2026-0002,刘洋,差旅-住宿,1665.18,已付款
BX2026-0003,刘洋,差旅-交通,313.78,待付款
BX2026-0004,张伟,差旅-交通,1578.85,已付款
BX2026-0005,刘洋,差旅-住宿,1795.3,已付款
BX2026-0006,张伟,培训,1158.97,已付款
BX2026-0007,张伟,培训,867.74,已付款
BX2026-0008,刘洋,差旅-住宿,919.07,待付款
BX2026-0009,李娜,差旅-住宿,1633.68,待付款
BX2026-0010,王强,差旅-住宿,2016.94,已付款
BX2026-0011,张伟,培训,1430.25,已付款
BX2026-0012,赵敏,餐饮,1672.73,已付款
BX2026-0013,王强,餐饮,2240.71,已付款
BX2026-0014,李娜,差旅-住宿,896.68,已付款
BX2026-0015,王强,办公用品,1736.37,待付款
BX2026-0016,张伟,培训,528.7,已付款
BX2026-0017,李娜,办公用品,186.64,已付款
BX2026-0018,张伟,培训,2226.34,已付款
BX2026-0019,王强,餐饮,1696.69,已付款
BX2026-0020,赵敏,差旅-住宿,2649.53,待付款
BX2026-0021,张伟,差旅-住宿,1840.19,已付款
BX2026-0022,赵敏,餐饮,2492.75,已付款
BX2026-0023,张伟,办公用品,537.09,已付款
BX2026-0024,赵敏,差旅-住宿,2169.59,已付款
BX2026-0025,李娜,办公用品,2573.74,已付款
