单据号,员工,费用类型,城市,金额,日期
BX2026-0001,王强,差旅-交通,深圳,1850.54,2026-08-03
BX2026-0002,刘洋,差旅-住宿,广州,1665.18,2026-08-30
BX2026-0003,刘洋,差旅-交通,北京,"1,234.50",2026-08-14
BX2026-0004,张伟,差旅-交通,北京,1578.85,2026-08-02
BX2026-0005,刘洋,差旅-住宿,上海,1795.3,2026-08-19
BX2026-0006,张伟,培训,杭州,,2026-08-08
BX2026-0007,张伟,培训,上海,867.74,2026-08-05
BX2026-0008,刘洋,差旅-住宿,杭州,待定,2026-08-27
BX2026-0009,李娜,差旅-住宿,杭州,1633.68,2026-08-07
,,,,,
BX2026-0010,王强,差旅-住宿,杭州,2016.94,2026-08-19
BX2026-0011,,培训,上海,1430.25,2026-08-18
BX2026-0012,赵敏,餐饮,深圳,1672.73,2026-08-15
BX2026-0013,王强,餐饮,上海,2240.71,2026-08-23
BX2026-0014,李娜,差旅-住宿,杭州,-320.00,2026-08-16
BX2026-0015,王强,办公用品,广州,1736.37,2026-08-03
BX2026-0016,张伟,培训,深圳,528.7,2026-08-11
BX2026-0017,李娜,办公用品,深圳,186.64,8月17日
BX2026-0018,张伟,培训,杭州,2226.34,2026-08-27
BX2026-0019,王强,餐饮,广州,1696.69,2026-08-19
BX2026-0004,张伟,差旅-交通,北京,1578.85,2026-08-02
BX2026-0020,赵敏,差旅-住宿,北京,1200元,2026-08-16
BX2026-0021,张伟,差旅-住宿,广州,1840.19,2026-08-22
BX2026-0022,赵敏,餐饮,深圳,2492.75,2026-08-12
BX2026-0023,张伟,办公用品,广州, 890.5 ,2026-08-04
BX2026-0024,赵敏,差旅-住宿,上海,2169.59,2026-08-05
BX2026-0025,李娜,办公用品,深圳,2573.74,2026-08-16
,张伟,差旅-交通,深圳,1172.47,2026-08-09
BX2026-0027,李娜,办公用品,杭州,837.31,2026-08-14
BX2026-0028,王强,办公用品,上海,490.5,2026-08-06
BX2026-0029,李娜,差旅-交通,上海,112.81,2026-08-27
BX2026-0030,刘洋,差旅-交通,广州,846.85,2026-08-05
